DISTRICT,ds,yhat,yhat_lower,yhat_upper,is_forecast,year,actual
BAGALKOT,2001-01-01,3557.0,3527.0,3587.0,False,2001,3544.0
BAGALKOT,2002-01-01,3962.0,3931.0,3992.0,False,2002,3998.0
BAGALKOT,2003-01-01,4088.0,4059.0,4117.0,False,2003,4042.0
BAGALKOT,2004-01-01,4214.0,4186.0,4244.0,False,2004,4237.0
BAGALKOT,2005-01-01,4302.0,4271.0,4330.0,False,2005,4313.0
BAGALKOT,2006-01-01,4280.0,4253.0,4313.0,False,2006,4284.0
BAGALKOT,2007-01-01,4259.0,4230.0,4287.0,False,2007,4244.0
BAGALKOT,2008-01-01,4269.0,4239.0,4299.0,False,2008,4248.0
BAGALKOT,2009-01-01,4404.0,4376.0,4434.0,False,2009,4420.0
BAGALKOT,2010-01-01,4538.0,4508.0,4568.0,False,2010,4547.0
BAGALKOT,2011-01-01,4663.0,4633.0,4692.0,False,2011,4681.0
BAGALKOT,2012-01-01,4787.0,4760.0,4818.0,False,2012,4752.0
BAGALKOT,2013-01-01,4912.0,4883.0,4942.0,False,2013,4925.0
BAGALKOT,2014-01-01,5037.0,4989.0,5090.0,True,2014,
BAGALKOT,2015-01-01,5161.0,5032.0,5299.0,True,2015,
BAGALKOT,2016-01-01,5286.0,5022.0,5557.0,True,2016,
BANGALORE COMMR.,2001-01-01,62394.0,57774.0,67394.0,False,2001,60993.0
BANGALORE COMMR.,2002-01-01,63298.0,58662.0,68181.0,False,2002,65512.0
BANGALORE COMMR.,2003-01-01,64203.0,58938.0,68831.0,False,2003,65809.0
BANGALORE COMMR.,2004-01-01,65107.0,60302.0,70070.0,False,2004,65500.0
BANGALORE COMMR.,2005-01-01,66014.0,61525.0,70451.0,False,2005,67870.0
BANGALORE COMMR.,2006-01-01,66918.0,62014.0,71716.0,False,2006,60054.0
BANGALORE COMMR.,2007-01-01,67823.0,62816.0,72807.0,False,2007,61656.0
BANGALORE COMMR.,2008-01-01,68727.0,63978.0,73345.0,False,2008,69222.0
BANGALORE COMMR.,2009-01-01,69634.0,64832.0,74347.0,False,2009,76825.0
BANGALORE COMMR.,2010-01-01,70539.0,65964.0,75344.0,False,2010,75522.0
BANGALORE COMMR.,2011-01-01,71443.0,66809.0,76706.0,False,2011,71779.0
BANGALORE COMMR.,2012-01-01,72348.0,67551.0,77290.0,False,2012,69042.0
BANGALORE COMMR.,2013-01-01,73254.0,68403.0,78461.0,False,2013,72001.0
BANGALORE COMMR.,2014-01-01,74159.0,68979.0,78888.0,True,2014,
BANGALORE COMMR.,2015-01-01,75063.0,70529.0,80308.0,True,2015,
BANGALORE COMMR.,2016-01-01,75968.0,71323.0,80583.0,True,2016,
BANGALORE RURAL,2001-01-01,16199.0,12412.0,19774.0,False,2001,11001.0
BANGALORE RURAL,2002-01-01,15765.0,11895.0,19623.0,False,2002,15447.0
BANGALORE RURAL,2003-01-01,15332.0,11845.0,18937.0,False,2003,15743.0
BANGALORE RURAL,2004-01-01,14898.0,11270.0,18759.0,False,2004,17277.0
BANGALORE RURAL,2005-01-01,14463.0,10798.0,18073.0,False,2005,17336.0
BANGALORE RURAL,2006-01-01,14030.0,10567.0,17931.0,False,2006,18536.0
BANGALORE RURAL,2007-01-01,13596.0,9957.0,17553.0,False,2007,18060.0
BANGALORE RURAL,2008-01-01,13162.0,9403.0,16947.0,False,2008,9409.0
BANGALORE RURAL,2009-01-01,12727.0,8704.0,16555.0,False,2009,9534.0
BANGALORE RURAL,2010-01-01,12294.0,8556.0,16052.0,False,2010,9956.0
BANGALORE RURAL,2011-01-01,11860.0,7735.0,15398.0,False,2011,10522.0
BANGALORE RURAL,2012-01-01,11426.0,7822.0,15221.0,False,2012,11852.0
BANGALORE RURAL,2013-01-01,10991.0,7078.0,14390.0,False,2013,12072.0
BANGALORE RURAL,2014-01-01,10558.0,6855.0,14256.0,True,2014,
BANGALORE RURAL,2015-01-01,10124.0,6221.0,14001.0,True,2015,
BANGALORE RURAL,2016-01-01,9690.0,5863.0,13553.0,True,2016,
BELGAUM,2001-01-01,9784.0,8099.0,11312.0,False,2001,10527.0
BELGAUM,2002-01-01,10295.0,8803.0,11879.0,False,2002,9756.0
BELGAUM,2003-01-01,10807.0,9353.0,12354.0,False,2003,9325.0
BELGAUM,2004-01-01,11318.0,9657.0,12860.0,False,2004,9636.0
BELGAUM,2005-01-01,11831.0,10174.0,13344.0,False,2005,11777.0
BELGAUM,2006-01-01,12343.0,10800.0,13876.0,False,2006,12777.0
BELGAUM,2007-01-01,12855.0,11214.0,14432.0,False,2007,14079.0
BELGAUM,2008-01-01,13366.0,11647.0,14860.0,False,2008,14988.0
BELGAUM,2009-01-01,13877.0,12241.0,15392.0,False,2009,15263.0
BELGAUM,2010-01-01,14387.0,12826.0,15929.0,False,2010,15597.0
BELGAUM,2011-01-01,14896.0,13294.0,16602.0,False,2011,15383.0
BELGAUM,2012-01-01,15405.0,13832.0,16988.0,False,2012,14209.0
BELGAUM,2013-01-01,15915.0,14396.0,17577.0,False,2013,13761.0
BELGAUM,2014-01-01,16425.0,14785.0,18018.0,True,2014,
BELGAUM,2015-01-01,16934.0,15378.0,18568.0,True,2015,
BELGAUM,2016-01-01,17443.0,15834.0,18950.0,True,2016,
BELLARY,2001-01-01,7525.0,6480.0,8472.0,False,2001,6791.0
BELLARY,2002-01-01,7484.0,6502.0,8487.0,False,2002,6465.0
BELLARY,2003-01-01,7443.0,6478.0,8388.0,False,2003,6895.0
BELLARY,2004-01-01,7401.0,6410.0,8419.0,False,2004,8017.0
BELLARY,2005-01-01,7360.0,6370.0,8341.0,False,2005,9206.0
BELLARY,2006-01-01,7319.0,6283.0,8325.0,False,2006,8530.0
BELLARY,2007-01-01,7277.0,6259.0,8333.0,False,2007,7529.0
BELLARY,2008-01-01,7236.0,6316.0,8247.0,False,2008,6842.0
BELLARY,2009-01-01,7194.0,6189.0,8115.0,False,2009,6782.0
BELLARY,2010-01-01,7152.0,6150.0,8227.0,False,2010,7130.0
BELLARY,2011-01-01,7111.0,6115.0,8117.0,False,2011,6801.0
BELLARY,2012-01-01,7069.0,6020.0,8068.0,False,2012,6620.0
BELLARY,2013-01-01,7028.0,6026.0,7989.0,False,2013,6983.0
BELLARY,2014-01-01,6986.0,6034.0,7939.0,True,2014,
BELLARY,2015-01-01,6945.0,5935.0,7934.0,True,2015,
BELLARY,2016-01-01,6903.0,5936.0,7901.0,True,2016,
BIDAR,2001-01-01,9051.0,8749.0,9373.0,False,2001,8970.0
BIDAR,2002-01-01,8744.0,8425.0,9068.0,False,2002,9073.0
BIDAR,2003-01-01,8437.0,8115.0,8749.0,False,2003,8392.0
BIDAR,2004-01-01,8130.0,7788.0,8459.0,False,2004,8369.0
BIDAR,2005-01-01,7822.0,7495.0,8138.0,False,2005,7378.0
BIDAR,2006-01-01,7516.0,7192.0,7830.0,False,2006,7426.0
BIDAR,2007-01-01,7328.0,7019.0,7637.0,False,2007,7512.0
BIDAR,2008-01-01,7140.0,6806.0,7462.0,False,2008,6959.0
BIDAR,2009-01-01,7256.0,6916.0,7566.0,False,2009,7371.0
BIDAR,2010-01-01,7373.0,7064.0,7683.0,False,2010,7381.0
BIDAR,2011-01-01,7489.0,7164.0,7795.0,False,2011,7106.0
BIDAR,2012-01-01,7606.0,7313.0,7914.0,False,2012,7530.0
BIDAR,2013-01-01,7723.0,7427.0,8055.0,False,2013,8149.0
BIDAR,2014-01-01,7840.0,7518.0,8132.0,True,2014,
BIDAR,2015-01-01,7956.0,7637.0,8301.0,True,2015,
BIDAR,2016-01-01,8073.0,7685.0,8452.0,True,2016,
BIJAPUR,2001-01-01,6818.0,5886.0,7776.0,False,2001,6114.0
BIJAPUR,2002-01-01,6753.0,5880.0,7625.0,False,2002,5674.0
BIJAPUR,2003-01-01,6688.0,5738.0,7645.0,False,2003,8708.0
BIJAPUR,2004-01-01,6623.0,5571.0,7573.0,False,2004,6368.0
BIJAPUR,2005-01-01,6557.0,5590.0,7487.0,False,2005,6224.0
BIJAPUR,2006-01-01,6492.0,5538.0,7419.0,False,2006,6521.0
BIJAPUR,2007-01-01,6427.0,5474.0,7350.0,False,2007,6638.0
BIJAPUR,2008-01-01,6362.0,5380.0,7351.0,False,2008,6443.0
BIJAPUR,2009-01-01,6296.0,5228.0,7249.0,False,2009,6784.0
BIJAPUR,2010-01-01,6231.0,5272.0,7251.0,False,2010,6709.0
BIJAPUR,2011-01-01,6166.0,5216.0,7062.0,False,2011,6270.0
BIJAPUR,2012-01-01,6101.0,5144.0,7036.0,False,2012,5753.0
BIJAPUR,2013-01-01,6035.0,5092.0,6948.0,False,2013,5348.0
BIJAPUR,2014-01-01,5970.0,4965.0,6944.0,True,2014,
BIJAPUR,2015-01-01,5905.0,4894.0,6858.0,True,2015,
BIJAPUR,2016-01-01,5840.0,4813.0,6758.0,True,2016,
CBPURA,2008-01-01,4168.0,3635.0,4694.0,False,2008,4015.0
CBPURA,2009-01-01,4447.0,3964.0,4925.0,False,2009,4097.0
CBPURA,2010-01-01,4726.0,4237.0,5178.0,False,2010,4962.0
CBPURA,2011-01-01,5005.0,4521.0,5524.0,False,2011,5646.0
CBPURA,2012-01-01,5283.0,4785.0,5825.0,False,2012,5457.0
CBPURA,2013-01-01,5562.0,5095.0,6080.0,False,2013,5014.0
CBPURA,2014-01-01,5841.0,5360.0,6332.0,True,2014,
CBPURA,2015-01-01,6119.0,5605.0,6637.0,True,2015,
CBPURA,2016-01-01,6398.0,5860.0,6936.0,True,2016,
CHAMARAJNAGAR,2001-01-01,2635.0,2220.0,3031.0,False,2001,2922.0
CHAMARAJNAGAR,2002-01-01,2741.0,2369.0,3118.0,False,2002,2763.0
CHAMARAJNAGAR,2003-01-01,2848.0,2496.0,3248.0,False,2003,2468.0
CHAMARAJNAGAR,2004-01-01,2954.0,2508.0,3352.0,False,2004,3421.0
CHAMARAJNAGAR,2005-01-01,3061.0,2657.0,3465.0,False,2005,3157.0
CHAMARAJNAGAR,2006-01-01,3168.0,2749.0,3528.0,False,2006,2732.0
CHAMARAJNAGAR,2007-01-01,3275.0,2873.0,3663.0,False,2007,2840.0
CHAMARAJNAGAR,2008-01-01,3381.0,3019.0,3778.0,False,2008,3175.0
CHAMARAJNAGAR,2009-01-01,3488.0,3077.0,3872.0,False,2009,3488.0
CHAMARAJNAGAR,2010-01-01,3595.0,3197.0,3968.0,False,2010,4026.0
CHAMARAJNAGAR,2011-01-01,3702.0,3272.0,4107.0,False,2011,4079.0
CHAMARAJNAGAR,2012-01-01,3808.0,3415.0,4171.0,False,2012,3596.0
CHAMARAJNAGAR,2013-01-01,3915.0,3508.0,4336.0,False,2013,3902.0
CHAMARAJNAGAR,2014-01-01,4022.0,3612.0,4398.0,True,2014,
CHAMARAJNAGAR,2015-01-01,4129.0,3744.0,4512.0,True,2015,
CHAMARAJNAGAR,2016-01-01,4235.0,3831.0,4633.0,True,2016,
CHICKMAGALUR,2001-01-01,6141.0,5554.0,6725.0,False,2001,5774.0
CHICKMAGALUR,2002-01-01,6117.0,5549.0,6688.0,False,2002,5859.0
CHICKMAGALUR,2003-01-01,6094.0,5477.0,6740.0,False,2003,6360.0
CHICKMAGALUR,2004-01-01,6070.0,5514.0,6703.0,False,2004,5903.0
CHICKMAGALUR,2005-01-01,6046.0,5455.0,6627.0,False,2005,5650.0
CHICKMAGALUR,2006-01-01,6023.0,5458.0,6601.0,False,2006,7020.0
CHICKMAGALUR,2007-01-01,5999.0,5424.0,6569.0,False,2007,5819.0
CHICKMAGALUR,2008-01-01,5976.0,5407.0,6567.0,False,2008,6443.0
CHICKMAGALUR,2009-01-01,5951.0,5355.0,6496.0,False,2009,6032.0
CHICKMAGALUR,2010-01-01,5927.0,5342.0,6575.0,False,2010,6556.0
CHICKMAGALUR,2011-01-01,5903.0,5335.0,6480.0,False,2011,5668.0
CHICKMAGALUR,2012-01-01,5879.0,5299.0,6472.0,False,2012,5164.0
CHICKMAGALUR,2013-01-01,5855.0,5277.0,6434.0,False,2013,5735.0
CHICKMAGALUR,2014-01-01,5831.0,5264.0,6412.0,True,2014,
CHICKMAGALUR,2015-01-01,5807.0,5237.0,6392.0,True,2015,
CHICKMAGALUR,2016-01-01,5783.0,5174.0,6339.0,True,2016,
CHITRADURGA,2001-01-01,6027.0,5433.0,6590.0,False,2001,5549.0
CHITRADURGA,2002-01-01,6358.0,5796.0,6910.0,False,2002,6156.0
CHITRADURGA,2003-01-01,6688.0,6090.0,7312.0,False,2003,6771.0
CHITRADURGA,2004-01-01,7018.0,6404.0,7622.0,False,2004,7619.0
CHITRADURGA,2005-01-01,7350.0,6811.0,7961.0,False,2005,7235.0
CHITRADURGA,2006-01-01,7680.0,7061.0,8220.0,False,2006,7373.0
CHITRADURGA,2007-01-01,8010.0,7404.0,8596.0,False,2007,8072.0
CHITRADURGA,2008-01-01,8341.0,7737.0,8949.0,False,2008,8701.0
CHITRADURGA,2009-01-01,8672.0,8078.0,9253.0,False,2009,8532.0
CHITRADURGA,2010-01-01,8727.0,8160.0,9327.0,False,2010,9844.0
CHITRADURGA,2011-01-01,8780.0,8203.0,9384.0,False,2011,8908.0
CHITRADURGA,2012-01-01,8834.0,8247.0,9427.0,False,2012,8402.0
CHITRADURGA,2013-01-01,8888.0,8296.0,9476.0,False,2013,8212.0
CHITRADURGA,2014-01-01,8942.0,8344.0,9560.0,True,2014,
CHITRADURGA,2015-01-01,8995.0,8395.0,9594.0,True,2015,
CHITRADURGA,2016-01-01,9049.0,8437.0,9723.0,True,2016,
DAKSHIN KANNADA,2001-01-01,8490.0,6476.0,10656.0,False,2001,6325.0
DAKSHIN KANNADA,2002-01-01,8252.0,6143.0,10386.0,False,2002,7081.0
DAKSHIN KANNADA,2003-01-01,8014.0,5911.0,10101.0,False,2003,7275.0
DAKSHIN KANNADA,2004-01-01,7777.0,5681.0,9945.0,False,2004,8550.0
DAKSHIN KANNADA,2005-01-01,7538.0,5430.0,9716.0,False,2005,8881.0
DAKSHIN KANNADA,2006-01-01,7300.0,5145.0,9568.0,False,2006,8340.0
DAKSHIN KANNADA,2007-01-01,7063.0,5097.0,9221.0,False,2007,8013.0
DAKSHIN KANNADA,2008-01-01,6825.0,4528.0,8876.0,False,2008,8224.0
DAKSHIN KANNADA,2009-01-01,6587.0,4638.0,8867.0,False,2009,8707.0
DAKSHIN KANNADA,2010-01-01,6349.0,4203.0,8430.0,False,2010,8815.0
DAKSHIN KANNADA,2011-01-01,6111.0,3973.0,8283.0,False,2011,3602.0
DAKSHIN KANNADA,2012-01-01,5873.0,3786.0,8011.0,False,2012,3776.0
DAKSHIN KANNADA,2013-01-01,5635.0,3602.0,7970.0,False,2013,4231.0
DAKSHIN KANNADA,2014-01-01,5397.0,3334.0,7336.0,True,2014,
DAKSHIN KANNADA,2015-01-01,5160.0,3046.0,7271.0,True,2015,
DAKSHIN KANNADA,2016-01-01,4922.0,2688.0,6974.0,True,2016,
DAVANAGERE,2001-01-01,6174.0,5394.0,6931.0,False,2001,6979.0
DAVANAGERE,2002-01-01,6224.0,5450.0,6997.0,False,2002,6523.0
DAVANAGERE,2003-01-01,6273.0,5533.0,7004.0,False,2003,6335.0
DAVANAGERE,2004-01-01,6323.0,5553.0,7076.0,False,2004,6191.0
DAVANAGERE,2005-01-01,6373.0,5649.0,7137.0,False,2005,6049.0
DAVANAGERE,2006-01-01,6422.0,5678.0,7137.0,False,2006,5927.0
DAVANAGERE,2007-01-01,6473.0,5700.0,7175.0,False,2007,5781.0
DAVANAGERE,2008-01-01,6523.0,5731.0,7259.0,False,2008,6331.0
DAVANAGERE,2009-01-01,6574.0,5892.0,7317.0,False,2009,6849.0
DAVANAGERE,2010-01-01,6625.0,5836.0,7389.0,False,2010,6424.0
DAVANAGERE,2011-01-01,6677.0,5872.0,7470.0,False,2011,5754.0
DAVANAGERE,2012-01-01,6728.0,5980.0,7450.0,False,2012,6879.0
DAVANAGERE,2013-01-01,6779.0,5988.0,7510.0,False,2013,8147.0
DAVANAGERE,2014-01-01,6830.0,6094.0,7575.0,True,2014,
DAVANAGERE,2015-01-01,6881.0,6128.0,7646.0,True,2015,
DAVANAGERE,2016-01-01,6932.0,6111.0,7693.0,True,2016,
DHARWAD COMMR.,2001-01-01,3941.0,3431.0,4462.0,False,2001,4061.0
DHARWAD COMMR.,2002-01-01,4013.0,3507.0,4522.0,False,2002,4328.0
DHARWAD COMMR.,2003-01-01,4084.0,3606.0,4595.0,False,2003,3888.0
DHARWAD COMMR.,2004-01-01,4156.0,3650.0,4659.0,False,2004,3658.0
DHARWAD COMMR.,2005-01-01,4227.0,3734.0,4751.0,False,2005,3917.0
DHARWAD COMMR.,2006-01-01,4299.0,3816.0,4817.0,False,2006,4606.0
DHARWAD COMMR.,2007-01-01,4370.0,3897.0,4886.0,False,2007,4400.0
DHARWAD COMMR.,2008-01-01,4442.0,3916.0,4953.0,False,2008,5038.0
DHARWAD COMMR.,2009-01-01,4514.0,4023.0,5061.0,False,2009,4467.0
DHARWAD COMMR.,2010-01-01,4585.0,4128.0,5054.0,False,2010,4811.0
DHARWAD COMMR.,2011-01-01,4656.0,4172.0,5145.0,False,2011,4024.0
DHARWAD COMMR.,2012-01-01,4728.0,4219.0,5238.0,False,2012,4224.0
DHARWAD COMMR.,2013-01-01,4800.0,4262.0,5281.0,False,2013,5394.0
DHARWAD COMMR.,2014-01-01,4871.0,4400.0,5362.0,True,2014,
DHARWAD COMMR.,2015-01-01,4943.0,4449.0,5430.0,True,2015,
DHARWAD COMMR.,2016-01-01,5014.0,4498.0,5554.0,True,2016,
DHARWAD RURAL,2001-01-01,1726.0,1470.0,1970.0,False,2001,1842.0
DHARWAD RURAL,2002-01-01,1817.0,1587.0,2064.0,False,2002,1851.0
DHARWAD RURAL,2003-01-01,1907.0,1681.0,2146.0,False,2003,1871.0
DHARWAD RURAL,2004-01-01,1997.0,1761.0,2235.0,False,2004,1922.0
DHARWAD RURAL,2005-01-01,2088.0,1830.0,2328.0,False,2005,2061.0
DHARWAD RURAL,2006-01-01,2179.0,1930.0,2428.0,False,2006,2056.0
DHARWAD RURAL,2007-01-01,2269.0,2038.0,2506.0,False,2007,2050.0
DHARWAD RURAL,2008-01-01,2359.0,2111.0,2586.0,False,2008,2230.0
DHARWAD RURAL,2009-01-01,2450.0,2215.0,2674.0,False,2009,2626.0
DHARWAD RURAL,2010-01-01,2540.0,2309.0,2791.0,False,2010,3052.0
DHARWAD RURAL,2011-01-01,2631.0,2389.0,2878.0,False,2011,2674.0
DHARWAD RURAL,2012-01-01,2721.0,2460.0,2981.0,False,2012,2700.0
DHARWAD RURAL,2013-01-01,2812.0,2578.0,3051.0,False,2013,2561.0
DHARWAD RURAL,2014-01-01,2902.0,2672.0,3154.0,True,2014,
DHARWAD RURAL,2015-01-01,2992.0,2757.0,3243.0,True,2015,
DHARWAD RURAL,2016-01-01,3083.0,2838.0,3321.0,True,2016,
GADAG,2001-01-01,1838.0,1683.0,1976.0,False,2001,1859.0
GADAG,2002-01-01,1902.0,1773.0,2046.0,False,2002,1935.0
GADAG,2003-01-01,1967.0,1833.0,2102.0,False,2003,1751.0
GADAG,2004-01-01,2031.0,1887.0,2166.0,False,2004,1965.0
GADAG,2005-01-01,2095.0,1960.0,2225.0,False,2005,2135.0
GADAG,2006-01-01,2159.0,2022.0,2291.0,False,2006,2366.0
GADAG,2007-01-01,2223.0,2082.0,2353.0,False,2007,2121.0
GADAG,2008-01-01,2288.0,2153.0,2424.0,False,2008,2457.0
GADAG,2009-01-01,2297.0,2164.0,2431.0,False,2009,2378.0
GADAG,2010-01-01,2306.0,2172.0,2455.0,False,2010,2290.0
GADAG,2011-01-01,2316.0,2183.0,2457.0,False,2011,2286.0
GADAG,2012-01-01,2325.0,2185.0,2463.0,False,2012,2248.0
GADAG,2013-01-01,2334.0,2189.0,2464.0,False,2013,2290.0
GADAG,2014-01-01,2343.0,2202.0,2487.0,True,2014,
GADAG,2015-01-01,2353.0,2223.0,2492.0,True,2015,
GADAG,2016-01-01,2362.0,2222.0,2493.0,True,2016,
GULBARGA,2001-01-01,9317.0,7915.0,10767.0,False,2001,8661.0
GULBARGA,2002-01-01,9405.0,7942.0,10840.0,False,2002,8331.0
GULBARGA,2003-01-01,9492.0,7978.0,10891.0,False,2003,8789.0
GULBARGA,2004-01-01,9580.0,8183.0,10982.0,False,2004,9682.0
GULBARGA,2005-01-01,9668.0,8270.0,11015.0,False,2005,10055.0
GULBARGA,2006-01-01,9756.0,8422.0,11182.0,False,2006,10527.0
GULBARGA,2007-01-01,9844.0,8385.0,11308.0,False,2007,10255.0
GULBARGA,2008-01-01,9931.0,8658.0,11374.0,False,2008,11613.0
GULBARGA,2009-01-01,10018.0,8686.0,11527.0,False,2009,12354.0
GULBARGA,2010-01-01,10105.0,8777.0,11525.0,False,2010,10056.0
GULBARGA,2011-01-01,10192.0,8781.0,11572.0,False,2011,9578.0
GULBARGA,2012-01-01,10280.0,8799.0,11659.0,False,2012,8597.0
GULBARGA,2013-01-01,10367.0,9045.0,11786.0,False,2013,9436.0
GULBARGA,2014-01-01,10454.0,9080.0,11930.0,True,2014,
GULBARGA,2015-01-01,10541.0,9233.0,11873.0,True,2015,
GULBARGA,2016-01-01,10628.0,9233.0,11959.0,True,2016,
HASSAN,2001-01-01,7914.0,6966.0,8863.0,False,2001,8383.0
HASSAN,2002-01-01,8273.0,7368.0,9155.0,False,2002,8524.0
HASSAN,2003-01-01,8633.0,7715.0,9539.0,False,2003,8776.0
HASSAN,2004-01-01,8993.0,8101.0,9968.0,False,2004,9044.0
HASSAN,2005-01-01,9354.0,8435.0,10300.0,False,2005,8569.0
HASSAN,2006-01-01,9714.0,8850.0,10639.0,False,2006,8903.0
HASSAN,2007-01-01,10074.0,9149.0,10971.0,False,2007,9368.0
HASSAN,2008-01-01,10434.0,9455.0,11314.0,False,2008,10311.0
HASSAN,2009-01-01,10795.0,9764.0,11752.0,False,2009,10692.0
HASSAN,2010-01-01,11154.0,10197.0,12068.0,False,2010,12839.0
HASSAN,2011-01-01,11514.0,10556.0,12414.0,False,2011,12604.0
HASSAN,2012-01-01,11874.0,10938.0,12873.0,False,2012,11553.0
HASSAN,2013-01-01,12235.0,11301.0,13188.0,False,2013,11399.0
HASSAN,2014-01-01,12595.0,11725.0,13564.0,True,2014,
HASSAN,2015-01-01,12955.0,12048.0,13905.0,True,2015,
HASSAN,2016-01-01,13315.0,12374.0,14154.0,True,2016,
HAVERI,2001-01-01,3952.0,3577.0,4323.0,False,2001,4548.0
HAVERI,2002-01-01,4016.0,3648.0,4364.0,False,2002,4029.0
HAVERI,2003-01-01,4079.0,3736.0,4462.0,False,2003,3778.0
HAVERI,2004-01-01,4143.0,3770.0,4524.0,False,2004,4071.0
HAVERI,2005-01-01,4206.0,3811.0,4569.0,False,2005,3903.0
HAVERI,2006-01-01,4270.0,3897.0,4632.0,False,2006,3796.0
HAVERI,2007-01-01,4334.0,3984.0,4718.0,False,2007,4210.0
HAVERI,2008-01-01,4398.0,4053.0,4789.0,False,2008,4779.0
HAVERI,2009-01-01,4462.0,4057.0,4823.0,False,2009,4434.0
HAVERI,2010-01-01,4525.0,4154.0,4903.0,False,2010,4645.0
HAVERI,2011-01-01,4589.0,4219.0,4967.0,False,2011,4853.0
HAVERI,2012-01-01,4653.0,4290.0,5014.0,False,2012,4809.0
HAVERI,2013-01-01,4717.0,4330.0,5067.0,False,2013,4491.0
HAVERI,2014-01-01,4781.0,4415.0,5151.0,True,2014,
HAVERI,2015-01-01,4845.0,4471.0,5221.0,True,2015,
HAVERI,2016-01-01,4909.0,4562.0,5276.0,True,2016,
K.G.F.,2001-01-01,1948.0,1697.0,2198.0,False,2001,1933.0
K.G.F.,2002-01-01,1943.0,1692.0,2178.0,False,2002,2372.0
K.G.F.,2003-01-01,1937.0,1694.0,2190.0,False,2003,1972.0
K.G.F.,2004-01-01,1931.0,1671.0,2177.0,False,2004,1770.0
K.G.F.,2005-01-01,1925.0,1689.0,2157.0,False,2005,1795.0
K.G.F.,2006-01-01,1920.0,1684.0,2155.0,False,2006,1642.0
K.G.F.,2007-01-01,1914.0,1665.0,2148.0,False,2007,1832.0
K.G.F.,2008-01-01,1908.0,1676.0,2132.0,False,2008,1772.0
K.G.F.,2009-01-01,1902.0,1671.0,2164.0,False,2009,1799.0
K.G.F.,2010-01-01,1897.0,1641.0,2129.0,False,2010,2093.0
K.G.F.,2011-01-01,1891.0,1639.0,2149.0,False,2011,2045.0
K.G.F.,2012-01-01,1885.0,1648.0,2132.0,False,2012,2116.0
K.G.F.,2013-01-01,1879.0,1628.0,2115.0,False,2013,1741.0
K.G.F.,2014-01-01,1874.0,1624.0,2122.0,True,2014,
K.G.F.,2015-01-01,1868.0,1626.0,2107.0,True,2015,
K.G.F.,2016-01-01,1862.0,1621.0,2121.0,True,2016,
KODAGU,2001-01-01,2673.0,2201.0,3187.0,False,2001,2697.0
KODAGU,2002-01-01,2778.0,2316.0,3250.0,False,2002,2816.0
KODAGU,2003-01-01,2884.0,2446.0,3371.0,False,2003,2650.0
KODAGU,2004-01-01,2990.0,2521.0,3459.0,False,2004,3040.0
KODAGU,2005-01-01,3096.0,2623.0,3574.0,False,2005,3051.0
KODAGU,2006-01-01,3201.0,2687.0,3655.0,False,2006,2751.0
KODAGU,2007-01-01,3307.0,2836.0,3785.0,False,2007,3370.0
KODAGU,2008-01-01,3413.0,2970.0,3904.0,False,2008,3591.0
KODAGU,2009-01-01,3519.0,3039.0,3959.0,False,2009,3773.0
KODAGU,2010-01-01,3624.0,3138.0,4086.0,False,2010,4546.0
KODAGU,2011-01-01,3730.0,3282.0,4219.0,False,2011,3948.0
KODAGU,2012-01-01,3836.0,3367.0,4292.0,False,2012,3214.0
KODAGU,2013-01-01,3942.0,3483.0,4407.0,False,2013,3591.0
KODAGU,2014-01-01,4047.0,3546.0,4535.0,True,2014,
KODAGU,2015-01-01,4153.0,3667.0,4604.0,True,2015,
KODAGU,2016-01-01,4259.0,3831.0,4743.0,True,2016,
KOLAR,2001-01-01,7555.0,6383.0,8751.0,False,2001,6782.0
KOLAR,2002-01-01,7266.0,6049.0,8452.0,False,2002,7522.0
KOLAR,2003-01-01,6977.0,5846.0,8241.0,False,2003,6829.0
KOLAR,2004-01-01,6688.0,5432.0,7833.0,False,2004,6667.0
KOLAR,2005-01-01,6398.0,5245.0,7592.0,False,2005,6656.0
KOLAR,2006-01-01,6109.0,5070.0,7341.0,False,2006,7266.0
KOLAR,2007-01-01,5821.0,4700.0,7014.0,False,2007,7935.0
KOLAR,2008-01-01,5532.0,4391.0,6766.0,False,2008,4270.0
KOLAR,2009-01-01,5242.0,4033.0,6362.0,False,2009,3906.0
KOLAR,2010-01-01,4953.0,3832.0,6194.0,False,2010,4066.0
KOLAR,2011-01-01,4664.0,3504.0,5843.0,False,2011,4353.0
KOLAR,2012-01-01,4376.0,3147.0,5552.0,False,2012,4642.0
KOLAR,2013-01-01,4086.0,2864.0,5275.0,False,2013,4767.0
KOLAR,2014-01-01,3797.0,2502.0,4927.0,True,2014,
KOLAR,2015-01-01,3508.0,2382.0,4748.0,True,2015,
KOLAR,2016-01-01,3219.0,2054.0,4464.0,True,2016,
KOPPAL,2001-01-01,2599.0,2142.0,3010.0,False,2001,2950.0
KOPPAL,2002-01-01,2720.0,2278.0,3131.0,False,2002,2900.0
KOPPAL,2003-01-01,2842.0,2435.0,3247.0,False,2003,2355.0
KOPPAL,2004-01-01,2964.0,2540.0,3357.0,False,2004,2272.0
KOPPAL,2005-01-01,3086.0,2699.0,3521.0,False,2005,3277.0
KOPPAL,2006-01-01,3208.0,2767.0,3630.0,False,2006,3175.0
KOPPAL,2007-01-01,3329.0,2920.0,3751.0,False,2007,3365.0
KOPPAL,2008-01-01,3451.0,2999.0,3889.0,False,2008,3571.0
KOPPAL,2009-01-01,3573.0,3155.0,3991.0,False,2009,3957.0
KOPPAL,2010-01-01,3695.0,3288.0,4137.0,False,2010,4050.0
KOPPAL,2011-01-01,3816.0,3405.0,4251.0,False,2011,3887.0
KOPPAL,2012-01-01,3938.0,3557.0,4355.0,False,2012,3932.0
KOPPAL,2013-01-01,4060.0,3641.0,4454.0,False,2013,3584.0
KOPPAL,2014-01-01,4182.0,3758.0,4610.0,True,2014,
KOPPAL,2015-01-01,4303.0,3877.0,4721.0,True,2015,
KOPPAL,2016-01-01,4425.0,3991.0,4887.0,True,2016,
MANDYA,2001-01-01,7606.0,5632.0,9511.0,False,2001,9966.0
MANDYA,2002-01-01,8017.0,5960.0,9929.0,False,2002,9812.0
MANDYA,2003-01-01,8429.0,6381.0,10399.0,False,2003,7836.0
MANDYA,2004-01-01,8840.0,6958.0,10778.0,False,2004,7085.0
MANDYA,2005-01-01,9253.0,7308.0,11197.0,False,2005,7050.0
MANDYA,2006-01-01,9665.0,7705.0,11650.0,False,2006,8170.0
MANDYA,2007-01-01,10077.0,8145.0,12066.0,False,2007,8758.0
MANDYA,2008-01-01,10488.0,8380.0,12569.0,False,2008,9888.0
MANDYA,2009-01-01,10901.0,8939.0,12804.0,False,2009,11487.0
MANDYA,2010-01-01,11313.0,9469.0,13250.0,False,2010,13893.0
MANDYA,2011-01-01,11725.0,9881.0,13618.0,False,2011,12882.0
MANDYA,2012-01-01,12137.0,10258.0,14074.0,False,2012,12427.0
MANDYA,2013-01-01,12550.0,10599.0,14514.0,False,2013,11752.0
MANDYA,2014-01-01,12961.0,11060.0,14887.0,True,2014,
MANDYA,2015-01-01,13373.0,11480.0,15385.0,True,2015,
MANDYA,2016-01-01,13785.0,11854.0,15792.0,True,2016,
MANGALORE CITY,2011-01-01,5492.0,5492.0,5492.0,False,2011,5492.0
MANGALORE CITY,2012-01-01,5631.0,5631.0,5631.0,False,2012,5631.0
MANGALORE CITY,2013-01-01,6017.0,6017.0,6017.0,False,2013,6017.0
MANGALORE CITY,2014-01-01,6402.0,6304.0,6500.0,True,2014,
MANGALORE CITY,2015-01-01,6787.0,6480.0,7128.0,True,2015,
MANGALORE CITY,2016-01-01,7172.0,6503.0,7927.0,True,2016,
MYSORE COMMR.,2001-01-01,4206.0,3354.0,5055.0,False,2001,4145.0
MYSORE COMMR.,2002-01-01,4485.0,3698.0,5343.0,False,2002,3820.0
MYSORE COMMR.,2003-01-01,4764.0,3962.0,5636.0,False,2003,3979.0
MYSORE COMMR.,2004-01-01,5043.0,4231.0,5875.0,False,2004,4814.0
MYSORE COMMR.,2005-01-01,5322.0,4462.0,6129.0,False,2005,5797.0
MYSORE COMMR.,2006-01-01,5601.0,4702.0,6439.0,False,2006,5945.0
MYSORE COMMR.,2007-01-01,5879.0,5006.0,6711.0,False,2007,6479.0
MYSORE COMMR.,2008-01-01,6158.0,5330.0,7049.0,False,2008,6855.0
MYSORE COMMR.,2009-01-01,6437.0,5597.0,7247.0,False,2009,7120.0
MYSORE COMMR.,2010-01-01,6715.0,5874.0,7546.0,False,2010,7700.0
MYSORE COMMR.,2011-01-01,6992.0,6113.0,7877.0,False,2011,6970.0
MYSORE COMMR.,2012-01-01,7270.0,6396.0,8086.0,False,2012,6338.0
MYSORE COMMR.,2013-01-01,7548.0,6720.0,8474.0,False,2013,6453.0
MYSORE COMMR.,2014-01-01,7826.0,6979.0,8692.0,True,2014,
MYSORE COMMR.,2015-01-01,8104.0,7242.0,8969.0,True,2015,
MYSORE COMMR.,2016-01-01,8381.0,7567.0,9243.0,True,2016,
MYSORE RURAL,2001-01-01,4829.0,3838.0,5722.0,False,2001,6026.0
MYSORE RURAL,2002-01-01,5185.0,4230.0,6132.0,False,2002,5834.0
MYSORE RURAL,2003-01-01,5540.0,4681.0,6507.0,False,2003,4948.0
MYSORE RURAL,2004-01-01,5896.0,5010.0,6822.0,False,2004,5455.0
MYSORE RURAL,2005-01-01,6252.0,5328.0,7152.0,False,2005,5569.0
MYSORE RURAL,2006-01-01,6608.0,5663.0,7495.0,False,2006,5951.0
MYSORE RURAL,2007-01-01,6964.0,6038.0,7912.0,False,2007,6611.0
MYSORE RURAL,2008-01-01,7320.0,6370.0,8191.0,False,2008,6601.0
MYSORE RURAL,2009-01-01,7678.0,6776.0,8604.0,False,2009,7291.0
MYSORE RURAL,2010-01-01,8034.0,7203.0,9010.0,False,2010,9346.0
MYSORE RURAL,2011-01-01,8390.0,7461.0,9367.0,False,2011,9181.0
MYSORE RURAL,2012-01-01,8747.0,7885.0,9657.0,False,2012,9104.0
MYSORE RURAL,2013-01-01,9104.0,8242.0,10009.0,False,2013,8654.0
MYSORE RURAL,2014-01-01,9461.0,8584.0,10348.0,True,2014,
MYSORE RURAL,2015-01-01,9817.0,8916.0,10768.0,True,2015,
MYSORE RURAL,2016-01-01,10174.0,9215.0,11084.0,True,2016,
RAICHUR,2001-01-01,4788.0,4297.0,5260.0,False,2001,4941.0
RAICHUR,2002-01-01,4959.0,4478.0,5400.0,False,2002,5213.0
RAICHUR,2003-01-01,5131.0,4639.0,5588.0,False,2003,4820.0
RAICHUR,2004-01-01,5302.0,4849.0,5799.0,False,2004,4793.0
RAICHUR,2005-01-01,5474.0,5007.0,5937.0,False,2005,5350.0
RAICHUR,2006-01-01,5646.0,5138.0,6094.0,False,2006,5732.0
RAICHUR,2007-01-01,5817.0,5355.0,6270.0,False,2007,5930.0
RAICHUR,2008-01-01,5989.0,5557.0,6445.0,False,2008,6165.0
RAICHUR,2009-01-01,6161.0,5661.0,6628.0,False,2009,5959.0
RAICHUR,2010-01-01,6332.0,5850.0,6788.0,False,2010,6916.0
RAICHUR,2011-01-01,6504.0,6047.0,6973.0,False,2011,7196.0
RAICHUR,2012-01-01,6675.0,6216.0,7134.0,False,2012,6265.0
RAICHUR,2013-01-01,6847.0,6360.0,7318.0,False,2013,6347.0
RAICHUR,2014-01-01,7019.0,6556.0,7491.0,True,2014,
RAICHUR,2015-01-01,7190.0,6747.0,7666.0,True,2015,
RAICHUR,2016-01-01,7362.0,6896.0,7819.0,True,2016,
RAILWAYS,2001-01-01,1704.0,1208.0,2167.0,False,2001,1499.0
RAILWAYS,2002-01-01,1716.0,1232.0,2200.0,False,2002,1828.0
RAILWAYS,2003-01-01,1728.0,1257.0,2205.0,False,2003,2164.0
RAILWAYS,2004-01-01,1740.0,1228.0,2228.0,False,2004,2405.0
RAILWAYS,2005-01-01,1752.0,1274.0,2230.0,False,2005,1688.0
RAILWAYS,2006-01-01,1764.0,1285.0,2254.0,False,2006,1489.0
RAILWAYS,2007-01-01,1776.0,1271.0,2266.0,False,2007,1345.0
RAILWAYS,2008-01-01,1788.0,1271.0,2248.0,False,2008,1197.0
RAILWAYS,2009-01-01,1800.0,1305.0,2295.0,False,2009,1668.0
RAILWAYS,2010-01-01,1812.0,1293.0,2278.0,False,2010,1599.0
RAILWAYS,2011-01-01,1824.0,1355.0,2277.0,False,2011,1865.0
RAILWAYS,2012-01-01,1836.0,1332.0,2304.0,False,2012,1786.0
RAILWAYS,2013-01-01,1848.0,1392.0,2359.0,False,2013,2556.0
RAILWAYS,2014-01-01,1860.0,1351.0,2359.0,True,2014,
RAILWAYS,2015-01-01,1872.0,1422.0,2366.0,True,2015,
RAILWAYS,2016-01-01,1884.0,1379.0,2382.0,True,2016,
RAMANAGAR,2008-01-01,8825.0,8478.0,9183.0,False,2008,8613.0
RAMANAGAR,2009-01-01,8997.0,8648.0,9339.0,False,2009,9026.0
RAMANAGAR,2010-01-01,9168.0,8803.0,9497.0,False,2010,9444.0
RAMANAGAR,2011-01-01,9334.0,8947.0,9706.0,False,2011,9175.0
RAMANAGAR,2012-01-01,9500.0,9128.0,9847.0,False,2012,9934.0
RAMANAGAR,2013-01-01,9665.0,9328.0,10006.0,False,2013,9297.0
RAMANAGAR,2014-01-01,9831.0,9462.0,10208.0,True,2014,
RAMANAGAR,2015-01-01,9997.0,9642.0,10380.0,True,2015,
RAMANAGAR,2016-01-01,10162.0,9822.0,10494.0,True,2016,
SHIMOGA,2001-01-01,7663.0,6604.0,8655.0,False,2001,8674.0
SHIMOGA,2002-01-01,8022.0,6906.0,9041.0,False,2002,8704.0
SHIMOGA,2003-01-01,8381.0,7335.0,9415.0,False,2003,7714.0
SHIMOGA,2004-01-01,8741.0,7716.0,9817.0,False,2004,7861.0
SHIMOGA,2005-01-01,9101.0,8164.0,10123.0,False,2005,8675.0
SHIMOGA,2006-01-01,9460.0,8405.0,10426.0,False,2006,9198.0
SHIMOGA,2007-01-01,9819.0,8798.0,10775.0,False,2007,8829.0
SHIMOGA,2008-01-01,10178.0,9205.0,11155.0,False,2008,9947.0
SHIMOGA,2009-01-01,10538.0,9469.0,11544.0,False,2009,11692.0
SHIMOGA,2010-01-01,10897.0,9761.0,11879.0,False,2010,12129.0
SHIMOGA,2011-01-01,11256.0,10245.0,12181.0,False,2011,11401.0
SHIMOGA,2012-01-01,11615.0,10506.0,12664.0,False,2012,10445.0
SHIMOGA,2013-01-01,11975.0,10986.0,13061.0,False,2013,12336.0
SHIMOGA,2014-01-01,12334.0,11349.0,13351.0,True,2014,
SHIMOGA,2015-01-01,12693.0,11689.0,13743.0,True,2015,
SHIMOGA,2016-01-01,13052.0,12036.0,14050.0,True,2016,
TOTAL,2001-01-01,228805.0,217693.0,239887.0,False,2001,231916.0
TOTAL,2002-01-01,235319.0,223872.0,246097.0,False,2002,242153.0
TOTAL,2003-01-01,241832.0,231047.0,253560.0,False,2003,239842.0
TOTAL,2004-01-01,248346.0,237398.0,258917.0,False,2004,245856.0
TOTAL,2005-01-01,254892.0,243409.0,265573.0,False,2005,253100.0
TOTAL,2006-01-01,261445.0,249763.0,271986.0,False,2006,251284.0
TOTAL,2007-01-01,268005.0,256487.0,278602.0,False,2007,256679.0
TOTAL,2008-01-01,274574.0,264062.0,285526.0,False,2008,274104.0
TOTAL,2009-01-01,281161.0,270057.0,291762.0,False,2009,290061.0
TOTAL,2010-01-01,287730.0,276203.0,298195.0,False,2010,306697.0
TOTAL,2011-01-01,294298.0,283133.0,304607.0,False,2011,297065.0
TOTAL,2012-01-01,300867.0,289938.0,311102.0,False,2012,288532.0
TOTAL,2013-01-01,307454.0,296403.0,318586.0,True,2013,
TOTAL,2014-01-01,314023.0,303506.0,325113.0,True,2014,
TOTAL,2015-01-01,320591.0,309230.0,331901.0,True,2015,
TUMKUR,2001-01-01,8328.0,7664.0,8997.0,False,2001,8698.0
TUMKUR,2002-01-01,8582.0,7901.0,9267.0,False,2002,8759.0
TUMKUR,2003-01-01,8835.0,8167.0,9476.0,False,2003,8440.0
TUMKUR,2004-01-01,9089.0,8441.0,9705.0,False,2004,9002.0
TUMKUR,2005-01-01,9344.0,8668.0,10022.0,False,2005,9165.0
TUMKUR,2006-01-01,9597.0,8940.0,10217.0,False,2006,8973.0
TUMKUR,2007-01-01,9851.0,9177.0,10517.0,False,2007,9895.0
TUMKUR,2008-01-01,10105.0,9487.0,10755.0,False,2008,10109.0
TUMKUR,2009-01-01,10359.0,9715.0,11043.0,False,2009,10517.0
TUMKUR,2010-01-01,10613.0,9975.0,11276.0,False,2010,10908.0
TUMKUR,2011-01-01,10867.0,10198.0,11494.0,False,2011,11768.0
TUMKUR,2012-01-01,11120.0,10503.0,11778.0,False,2012,11675.0
TUMKUR,2013-01-01,11375.0,10714.0,12050.0,False,2013,10157.0
TUMKUR,2014-01-01,11629.0,10952.0,12225.0,True,2014,
TUMKUR,2015-01-01,11882.0,11254.0,12604.0,True,2015,
TUMKUR,2016-01-01,12136.0,11489.0,12762.0,True,2016,
UDUPI,2001-01-01,4212.0,3980.0,4448.0,False,2001,4034.0
UDUPI,2002-01-01,4316.0,4097.0,4524.0,False,2002,4508.0
UDUPI,2003-01-01,4420.0,4194.0,4649.0,False,2003,4461.0
UDUPI,2004-01-01,4523.0,4288.0,4747.0,False,2004,4591.0
UDUPI,2005-01-01,4627.0,4387.0,4864.0,False,2005,4580.0
UDUPI,2006-01-01,4731.0,4500.0,4953.0,False,2006,4562.0
UDUPI,2007-01-01,4834.0,4609.0,5056.0,False,2007,4915.0
UDUPI,2008-01-01,4938.0,4720.0,5177.0,False,2008,4821.0
UDUPI,2009-01-01,5042.0,4803.0,5289.0,False,2009,4933.0
UDUPI,2010-01-01,5145.0,4914.0,5386.0,False,2010,5559.0
UDUPI,2011-01-01,5249.0,5032.0,5469.0,False,2011,5345.0
UDUPI,2012-01-01,5352.0,5128.0,5582.0,False,2012,5040.0
UDUPI,2013-01-01,5456.0,5207.0,5684.0,False,2013,5499.0
UDUPI,2014-01-01,5559.0,5322.0,5796.0,True,2014,
UDUPI,2015-01-01,5663.0,5426.0,5901.0,True,2015,
UDUPI,2016-01-01,5766.0,5524.0,6018.0,True,2016,
UTTAR KANNADA,2001-01-01,4607.0,4325.0,4861.0,False,2001,4728.0
UTTAR KANNADA,2002-01-01,4654.0,4401.0,4910.0,False,2002,4760.0
UTTAR KANNADA,2003-01-01,4701.0,4461.0,4961.0,False,2003,4698.0
UTTAR KANNADA,2004-01-01,4748.0,4504.0,5013.0,False,2004,4671.0
UTTAR KANNADA,2005-01-01,4795.0,4540.0,5049.0,False,2005,4731.0
UTTAR KANNADA,2006-01-01,4843.0,4594.0,5118.0,False,2006,4656.0
UTTAR KANNADA,2007-01-01,5034.0,4770.0,5290.0,False,2007,4768.0
UTTAR KANNADA,2008-01-01,5226.0,4959.0,5482.0,False,2008,5276.0
UTTAR KANNADA,2009-01-01,5418.0,5155.0,5677.0,False,2009,5298.0
UTTAR KANNADA,2010-01-01,5610.0,5339.0,5863.0,False,2010,6110.0
UTTAR KANNADA,2011-01-01,5802.0,5538.0,6059.0,False,2011,6049.0
UTTAR KANNADA,2012-01-01,5993.0,5761.0,6271.0,False,2012,5751.0
UTTAR KANNADA,2013-01-01,6186.0,5923.0,6425.0,False,2013,6121.0
UTTAR KANNADA,2014-01-01,6377.0,6123.0,6625.0,True,2014,
UTTAR KANNADA,2015-01-01,6569.0,6294.0,6829.0,True,2015,
UTTAR KANNADA,2016-01-01,6761.0,6486.0,7008.0,True,2016,
YADGIRI,2010-01-01,3230.0,3144.0,3319.0,False,2010,3176.0
YADGIRI,2011-01-01,3179.0,3090.0,3273.0,False,2011,3290.0
YADGIRI,2012-01-01,3127.0,3045.0,3218.0,False,2012,3069.0
YADGIRI,2013-01-01,3075.0,2988.0,3162.0,False,2013,3077.0
YADGIRI,2014-01-01,3023.0,2933.0,3104.0,True,2014,
YADGIRI,2015-01-01,2971.0,2886.0,3062.0,True,2015,
YADGIRI,2016-01-01,2919.0,2835.0,3014.0,True,2016,
